KPIs,Zip,No_of_Art_Projects, Perc_Unemployment_2010 ,No_Educated_High_School_2010,Per_Capita_Household_Income_2010, Perc_Unemployment_2014 ,No_Educated_High_School_2015,Per_Capita_Household_Income_2015,No_of_Artists_Projects, Perc_Unemployment_2011 , Perc_Unemployment_2012 , Perc_Unemployment_2013 , Perc_Unemployment_2015 , Perc_Unemployment_2016 ,No_Employment_in_Arts_n_Entertainment_2010,No_Employment_in_Arts_n_Entertainment_2011,No_Employment_in_Arts_n_Entertainment_2012,No_Employment_in_Arts_n_Entertainment_2013,No_Employment_in_Arts_n_Entertainment_2014,No_Employment_in_Arts_n_Entertainment_2015,No_Employment_in_Arts_n_Entertainment_2016,No_Educated_High_School_2000,No_Educated_High_School_2011,No_Educated_High_School_2012,No_Educated_High_School_2013,No_Educated_High_School_2014,No_Educated_High_School_2016,No_Unemployed_2010,No_Unemployed_2011,No_Unemployed_2012,No_Unemployed_2013,No_Unemployed_2014,No_Unemployed_2015,No_Unemployed_2016,Population_2010,Population_2011,Population_2012,Population_2013,Population_2014,Population_2015,Population_2016,Total_Household_Income_2000,Total_Household_Income_2010,Total_Household_Income_2011,Total_Household_Income_2012,Total_Household_Income_2013,Total_Household_Income_2014,Total_Household_Income_2015,Total_Household_Income_2016,Per_Capita_Household_Income_2000,Per_Capita_Household_Income_2011,Per_Capita_Household_Income_2012,Per_Capita_Household_Income_2013,Per_Capita_Household_Income_2014
Zip Codes,90002,2,0.1,6318,10638,0.12,6829,12053,,0.1,0.11,0.11,0.07,0.06,187,188,231,210,243,225,238,4049,6308,6360,6386,6518,6934,1930,1987,2202,2113,2438,1235,1123,49782,50481,51389,50940,51176,51484,51685,360115793,536198411,533614667,604686650,639963621,591357041,611334094,584938732,8161,10571,11767,12870,11799
No_of_Art_Projects,90003,5,0.1,8544,10232,0.16,8863,11123,,0.1,0.13,0.14,0.07,0.06,495,495,490,641,565,546,588,5594,8534,7941,8582,8520,8982,2761,2835,3589,3981,4488,1764,1604,68819,68674,69963,70885,70900,70888,71153,465191702,703136425,697995290,721820950,768028932,758173951,776808160,733886279,7660,10164,10317,11023,10846
No_of_Artists_Projects,90004,0,0.08,9004,21849,0.15,7476,27122,1,0.09,0.11,0.13,0.07,0.06,1286,1295,997,1158,1198,1168,1243,7159,8970,7972,7707,7211,7650,2807,2883,3751,4828,5235,2247,2058,59158,59923,61296,61383,60919,61173,61726,1014796339,1307365392,1323058394,1478546998,1555148952,1582527045,1632025068,1727397570,15565,22079,24121,25945,26336
Perc_Unemployment_2010,90005,1,0.09,6195,18663,0.12,5887,23781,,0.09,0.12,0.13,0.07,0.06,600,600,642,707,591,558,541,4696,6166,5772,6096,5602,5754,2090,2150,3025,3155,2954,1556,1338,40083,38895,40291,41008,41143,41746,39605,575713134,724408977,739117378,848651026,862397904,944316968,982090816,984928433,13074,19003,21063,21248,23165
Perc_Unemployment_2011,90006,5,0.1,8990,12281,0.15,9335,14740,,0.1,0.12,0.15,0.07,0.06,392,393,426,404,344,329,345,6084,8970,8837,8631,8926,9471,3097,3174,4039,4766,5064,2082,1886,58099,58931,59277,58121,59664,60132,60055,595182456,723167759,729455900,825710652,817298387,825961153,848419907,825310725,9568,12378,13930,14575,14697
Perc_Unemployment_2012,90007,0,0.11,4083,10001,0.15,4002,14466,1,0.11,0.14,0.15,0.07,0.06,702,705,688,497,464,441,462,2673,4070,4098,3756,3797,4222,2177,2234,2963,3015,2911,1234,1132,43012,43960,47828,45939,43837,44316,44456,361038734,440077146,440674467,546970173,549548515,538540561,558591167,569060316,7908,10024,11436,13861,14013
Perc_Unemployment_2013,90008,1,0.11,5296,23113,0.16,5020,29781,2,0.11,0.15,0.15,0.07,0.06,215,218,193,172,212,205,225,4109,5258,4480,4995,4794,5126,1731,1766,2242,2366,2481,963,884,31301,31212,30469,31667,32093,32499,32780,655631345,723319770,723540171,772397415,850530190,921123396,962994402,986760326,20824,23181,25350,27009,28820
Perc_Unemployment_2014,90010,0,0.07,324,27887,0.12,357,40293,,0.07,0.11,0.11,0.07,0.06,29,29,30,46,56,53,57,132,322,291,281,357,317,110,113,147,147,184,97,76,2555,2460,2407,2193,2626,2574,2239,33792751,68379550,69988712,114815293,100631974,98998005,103376980,116504490,30389,28451,47701,45996,37828
Perc_Unemployment_2015,90011,6,0.08,12364,9039,0.12,11917,10521,,0.08,0.09,0.11,0.07,0.06,569,577,530,600,479,462,508,6260,12377,11438,11528,11357,12063,3479,3577,4461,5170,5250,2835,2538,103191,104627,109098,107454,104859,105784,104440,768362843,942841442,940730927,1165078235,1166088072,1071670137,1092562305,1046682102,7695,8991,10679,11071,10416
Perc_Unemployment_2016,90012,21,0.1,5226,15759,0.1,5025,20195,4,0.1,0.11,0.11,0.07,0.06,244,246,243,236,331,317,325,3716,5215,4645,4958,4753,5291,1024,1056,1229,1165,1140,735,687,32477,29163,30930,32480,33185,34186,34568,309038597,458097496,468473094,481955268,497479305,551707510,604965542,621166556,10900,16064,15582,18881,19882
No_Employment_in_Arts_n_Entertainment_2010,90013,2,0.21,2863,17390,0.18,2601,28060,5,0.22,0.2,0.21,0.07,0.06,149,150,359,333,411,403,420,1682,2858,3243,2533,2498,2609,906,937,1265,1351,1114,383,342,13565,11791,14890,13970,13880,14290,14299,55634848,204489988,206817624,302484761,322889220,327552200,349505970,343734001,6878,17540,20315,28708,27369
No_Employment_in_Arts_n_Entertainment_2011,90014,0,0.15,1409,22256,0.15,1314,27061,,0.16,0.15,0.15,0.07,0.06,38,38,172,180,169,163,175,711,1397,1329,1222,1128,1344,485,499,623,704,632,283,257,7804,6533,8143,8330,8049,8801,8850,48822984,145485247,145632230,199719810,203785583,205365001,223583437,234016661,14453,22292,24527,26661,27012
No_Employment_in_Arts_n_Entertainment_2012,90015,0,0.08,1942,17342,0.14,2143,22169,,0.08,0.12,0.12,0.07,0.06,261,265,271,226,183,174,189,1283,1939,1914,2030,2035,1925,672,691,1158,1199,1429,640,569,19212,17528,18504,19003,19752,19829,19314,153681035,303057892,308305196,368151986,390409876,409014578,413555183,439720678,9504,17589,19896,21947,21638
No_Employment_in_Arts_n_Entertainment_2013,90016,4,0.09,7675,17243,0.14,7609,20592,1,0.09,0.12,0.14,0.07,0.06,473,471,424,445,491,461,504,5978,7628,7344,7003,7326,7829,2226,2279,2985,3525,3535,1647,1509,49079,48562,48799,50044,50506,50469,51107,638411098,839675642,835352775,891308519,993843022,1000982099,1025716085,1028412421,13667,17202,18265,20066,20043
No_Employment_in_Arts_n_Entertainment_2014,90017,2,0.06,3014,12419,0.1,2715,19537,,0.06,0.1,0.1,0.07,0.06,118,118,159,147,210,205,201,1465,2995,2672,2792,2553,2661,760,779,1202,1210,1203,813,712,24188,23663,24629,24418,24855,25381,24509,169815936,294755027,296229126,369231668,422783358,443092489,474374912,486995911,8406,12519,14992,18083,18428
No_Employment_in_Arts_n_Entertainment_2015,90018,2,0.11,8641,15020,0.16,8646,18480,,0.12,0.14,0.15,0.07,0.06,306,308,295,415,380,370,415,5510,8635,8129,8199,8253,8903,2734,2819,3812,3822,4269,1654,1528,52805,50448,53285,53277,54071,54559,55499,544974027,757038274,755202610,892421754,947982110,941585828,968615549,960554773,11256,14970,16748,18467,18081
No_Employment_in_Arts_n_Entertainment_2016,90019,3,0.09,9887,22657,0.13,8953,28393,7,0.09,0.11,0.12,0.07,0.06,1218,1223,1088,1195,1214,1161,1256,7463,9809,9157,9064,8689,9287,3085,3149,4143,4359,4495,2258,2098,63072,63457,65520,65018,64942,64843,66197,1104222839,1440487356,1447547610,1645339548,1656167032,1751860731,1795339399,1881397030,16502,22811,25112,26295,27606
No_Educated_High_School_2000,90020,0,0.09,5645,20498,0.14,5970,29001,,0.09,0.12,0.13,0.07,0.06,573,576,567,631,501,479,499,6139,5582,5719,5869,5746,5997,2009,2055,2957,3396,3679,1587,1395,41611,39875,42148,41405,42629,42776,41618,662131741,818857468,836911622,999066285,1041090970,1193210605,1232281160,1254776780,15274,20988,23704,25366,28170
No_Educated_High_School_2010,90021,0,0.16,565,15094,0.21,500,19565,,0.17,0.21,0.22,0.07,0.06,18,18,29,31,44,42,47,452,567,557,473,499,502,170,176,260,319,309,79,72,3205,2689,2924,3043,3255,3174,3128,27583698,40437790,40739442,44161125,45539683,46081634,46306493,47184641,9235,15150,15103,19169,19015
No_Educated_High_School_2011,90023,3,0.07,6226,10772,0.13,6667,12170,2,0.08,0.1,0.11,0.07,0.06,226,226,242,309,357,341,346,3553,6222,6109,6104,6387,6772,1467,1509,1996,2233,2740,1342,1210,49430,47456,48934,49437,50879,50947,50704,392166526,510820776,508375539,549524701,587878684,594591313,609864066,581964097,8231,10713,11230,12138,11904
No_Educated_High_School_2012,90024,3,0.07,2076,39527,0.1,2023,48780,1,0.07,0.1,0.1,0.07,0.06,1071,1077,992,978,1107,1036,1126,2285,2051,1707,1553,1926,2169,1665,1710,2565,2469,2438,1552,1437,46697,47643,48332,46836,47739,48247,49199,1697906393,1884247269,1892021795,2265108591,2203017606,2248593072,2284803056,2439289816,38321,39712,46866,48738,48782
No_Educated_High_School_2013,90025,2,0.07,3216,45562,0.09,3126,53056,2,0.07,0.09,0.09,0.07,0.06,1518,1527,1284,1505,1171,1071,1180,3585,3165,2664,3019,2954,3209,2047,2094,2500,2519,2547,1875,1735,42587,42490,41679,42744,43735,44272,45249,1445427764,1935595329,1954260196,2054855821,2104497304,2263021981,2335155692,2511543287,34991,45993,49302,49585,52007
No_Educated_High_School_2014,90026,3,0.09,8021,22781,0.16,8010,28476,12,0.1,0.13,0.16,0.07,0.06,1957,1964,1874,2060,2063,2029,2143,7290,7994,7652,7924,7673,8130,3636,3736,5562,6444,6486,2548,2310,68574,67072,69600,69624,69855,70695,70513,1010861656,1523716928,1535799060,1738240743,1855131331,1895248271,1978861207,2031493095,13990,22898,24975,27204,27556
No_Educated_High_School_2015,90027,3,0.08,6232,35964,0.12,6018,42129,,0.08,0.11,0.11,0.07,0.06,1987,1984,1754,2229,2180,2063,2195,6447,6115,5745,5663,5825,6193,2391,2444,3258,3340,3521,1874,1712,46956,45556,47385,47823,48282,48459,48804,1190913026,1645012960,1646651224,1808197494,1883889749,1911997271,1959653264,2076968222,24002,36146,38160,41224,41362
No_Educated_High_School_2016,90028,1,0.08,4067,24147,0.14,3502,29715,1,0.09,0.13,0.14,0.07,0.06,1547,1553,1211,1499,1687,1625,1701,3896,4021,3338,3106,3332,3435,1565,1610,2431,2536,2771,1206,1070,29036,28927,28503,29014,29827,30465,29726,473666210,697844870,700506558,704401731,745609608,778611981,819811234,812456398,15309,24216,24713,28111,28276
No_Unemployed_2010,90029,1,0.1,6445,16761,0.16,4983,19976,,0.1,0.13,0.15,0.07,0.06,778,778,818,823,779,756,808,5207,6417,5605,5246,4763,5094,2214,2276,2918,3302,3527,1386,1260,39174,39666,40128,39792,40071,40382,40495,439062779,665162499,667965265,742210375,736388227,743484710,772065772,765045162,10205,16840,18496,19439,19364
No_Unemployed_2011,90031,5,0.09,6756,14268,0.15,5501,15928,13,0.09,0.13,0.14,0.07,0.06,342,342,505,473,475,465,496,3232,6732,5972,5187,5245,5670,1731,1775,2556,2582,2722,1159,1069,38407,39102,39213,39082,39472,39607,40384,377521151,558314972,561239717,600698651,581655022,596288483,619397319,625374816,9903,14353,15319,15449,15350
No_Unemployed_2012,90032,5,0.08,7177,16374,0.18,7001,19209,,0.08,0.13,0.15,0.07,0.06,383,387,312,424,365,357,388,5249,7171,6547,6449,6714,7189,1773,1825,2939,3450,4126,1419,1306,47013,46029,47645,47521,48302,48602,49139,554181072,751124447,751802758,836743739,896182053,888173974,920824985,918730305,11917,16333,17562,19338,18635
No_Unemployed_2013,90033,8,0.1,7873,10990,0.18,6276,12563,,0.11,0.14,0.16,0.07,0.06,444,446,398,289,314,300,315,4463,7862,6608,6310,6030,6342,2039,2100,2888,3393,3745,1250,1126,47205,50618,48021,48114,48499,48581,48189,365380087,555972278,554262055,582312903,599133561,567962994,581644424,556662833,7015,10950,12126,13391,12242
No_Unemployed_2014,90034,0,0.07,5638,35238,0.1,4816,40445,4,0.07,0.09,0.1,0.07,0.06,1561,1566,1502,1611,1562,1493,1582,6064,5575,4348,4024,4642,4932,2544,2604,3239,3619,3736,2388,2174,57655,57397,58351,57792,59213,59497,59825,1352932041,2023090841,2035168029,2134743299,2184560681,2297798651,2370128725,2494237563,23549,35458,36585,38467,39269
No_Unemployed_2015,90035,1,0.06,3125,42707,0.12,2522,54643,2,0.06,0.09,0.11,0.07,0.06,994,995,839,1101,836,792,848,2931,3074,2642,2414,2431,2597,956,973,1452,1887,2014,1087,1000,28972,29087,29150,29557,29833,29942,30249,910133180,1243891364,1243225535,1414827836,1509886210,1584287175,1623440242,1739784804,32391,42742,48536,51634,53513
No_Unemployed_2016,90036,4,0.06,3022,47961,0.1,2514,56262,1,0.07,0.1,0.09,0.07,0.06,2103,2105,2032,2290,2231,2109,2221,2862,2985,2398,2223,2376,2658,1521,1553,2613,2328,2558,1633,1502,37990,36737,39804,38531,38989,39610,40081,1172750337,1761330983,1773835474,2077727431,2032885001,2135911567,2219670441,2335257515,35063,48285,52199,53021,54987
Population_2010,90037,3,0.13,8713,10002,0.17,8038,12071,3,0.14,0.16,0.18,0.07,0.06,616,621,478,416,379,374,396,5037,8715,8228,8064,7666,8205,4017,4139,4832,5331,4978,1770,1603,62309,64098,62596,62837,63477,64224,63699,471697575,640535621,637095257,698200013,734997273,715227334,740054417,702896263,8229,9939,11154,12309,11831
Population_2011,90038,1,0.13,3635,20959,0.16,3816,27147,,0.13,0.15,0.16,0.07,0.06,858,858,669,796,801,789,836,3571,3615,3336,3832,3775,3953,2230,2292,2605,2699,2859,1101,1016,28673,28602,28890,28926,29379,28985,29508,383786012,598161599,600753584,721420583,739387436,762270138,774280616,802904295,11965,21004,24971,26018,26350
Population_2012,90039,2,0.09,3672,35928,0.11,3220,39347,14,0.09,0.12,0.12,0.07,0.06,1094,1087,1023,952,994,941,1008,2878,3624,2990,3170,3131,3316,1452,1484,2082,2151,1982,1110,1014,28198,28169,28453,28748,29007,28976,29223,733199180,1013895823,1016531878,1099817971,1121317664,1093254715,1130433085,1190083052,24931,36087,38654,39928,38074
Population_2013,90041,2,0.07,3846,28516,0.12,3231,34945,1,0.07,0.09,0.1,0.07,0.06,637,644,682,792,623,599,630,3117,3805,3401,3274,3086,2964,1059,1083,1411,1467,1761,931,788,27127,27324,28297,27957,27792,28088,26137,576989949,780514809,786292134,826059657,881086119,919228952,955258978,937003462,21085,28777,29192,32654,33977
Population_2014,90042,0,0.08,8339,22099,0.15,7512,25192,11,0.09,0.12,0.13,0.07,0.06,797,799,709,981,1107,1063,1150,6626,8293,7580,7420,7268,7703,2668,2740,4069,4478,5009,2117,1938,62709,60698,62802,63717,64681,64565,65007,917980018,1340200885,1345384956,1511365031,1593903148,1555177400,1597911013,1625573891,14314,22165,24066,25631,24495
Population_2015,90043,4,0.11,6839,22374,0.16,6448,28035,,0.11,0.15,0.15,0.07,0.06,327,328,236,305,389,378,417,5619,6801,5826,6099,6279,6848,2349,2406,3147,3335,3677,1367,1277,44617,44084,43557,44769,45963,45407,46830,794535433,987325161,982624990,1051023278,1159723271,1229914742,1257946305,1327312799,18116,22290,24130,26264,27085
Population_2016,90044,4,0.13,13055,12659,0.15,12593,14574,,0.13,0.15,0.15,0.07,0.06,535,537,668,741,588,570,616,9277,13048,12570,12108,12145,12924,4954,5086,6137,5758,5998,2385,2185,88452,88337,91365,89671,90891,90875,91765,774938563,1117229301,1110508154,1253190705,1243491363,1272187407,1304607578,1292494049,9000,12571,13716,14088,14227
Total_Household_Income_2000,90045,25,0.05,3099,42590,0.08,2916,48384,5,0.05,0.08,0.08,0.07,0.06,679,678,654,666,670,599,652,4055,3056,2864,2812,2822,2964,1008,1031,1838,1801,1847,1447,1319,38502,36476,37362,38637,39513,39388,39591,1107258676,1555159250,1560056277,1724738393,1742860406,1833822269,1866878317,1986823753,28171,42769,46163,46030,47175
Total_Household_Income_2010,90046,2,0.08,5042,49617,0.11,4570,58881,6,0.09,0.11,0.12,0.07,0.06,3641,3641,3491,3765,3798,3634,3811,6644,4968,4227,4461,4364,4645,2741,2818,3825,3836,3928,2225,2011,49263,49284,49487,50182,50610,51312,51115,1918538271,2447182230,2444664013,2836790652,2848132377,2907867641,2998514660,3189592372,38087,49604,57324,57282,57843
Total_Household_Income_2011,90047,1,0.12,9249,18882,0.17,8168,22741,,0.13,0.15,0.16,0.07,0.06,410,412,407,434,459,443,477,6933,9220,8488,8100,7890,8329,2780,2850,3426,3576,3816,1382,1260,47519,48027,48651,48613,48966,49019,49119,681397457,906337485,903127581,996056668,1058200594,1073772403,1103660158,1103600967,14584,18805,20474,21978,22124
Total_Household_Income_2012,90048,1,0.07,2138,55826,0.1,2172,65093,1,0.07,0.11,0.1,0.07,0.06,1126,1120,1063,1104,955,894,954,2800,2101,1818,1991,2095,2223,971,990,1637,1481,1515,980,904,22058,20852,22142,22575,22683,22847,23159,842449452,1168656336,1166039470,1334839968,1442556324,1427261571,1471198633,1576804469,39189,55920,60285,65135,63503
Total_Household_Income_2013,90049,1,0.05,1971,71282,0.07,1556,100539,,0.05,0.07,0.07,0.07,0.06,975,976,982,1249,1144,1028,1084,2048,1932,1843,1842,1479,1631,1030,1048,1481,1492,1516,1375,1244,36018,34973,36992,36486,36898,37109,37084,2607868642,2500791549,2494343806,3674178342,3636851607,3648758616,3709250725,3984425315,76872,71322,99324,100279,99452
Total_Household_Income_2014,90057,2,0.08,5922,13123,0.15,5635,15768,,0.09,0.12,0.14,0.07,0.06,396,399,554,574,682,669,712,4319,5894,5621,5965,5373,5779,2050,2105,3002,3612,3848,1634,1490,45513,44313,46787,46207,46494,46865,47225,394942728,581963265,588268700,606344535,626720362,664262065,688495247,676979553,8858,13275,12960,14565,15112
Total_Household_Income_2015,90059,1,0.15,5408,9711,0.19,5272,12401,,0.15,0.17,0.18,0.07,0.06,311,314,344,254,265,255,279,3709,5419,5251,5073,5070,5344,2184,2252,2650,2807,3082,956,872,40909,39848,40908,41176,42059,42117,42208,312279537,386614011,384453596,450298384,480868839,494498829,503151743,487021502,8306,9648,11008,12760,12243
Total_Household_Income_2016,90061,1,0.12,4515,12405,0.18,4060,14528,,0.12,0.15,0.17,0.07,0.06,335,340,285,247,213,207,227,2787,4510,4174,4166,3902,4216,1357,1396,1834,2088,2245,757,695,29221,28757,29138,29953,30095,30231,30577,241477956,356817527,354878768,403671638,408139416,422751193,433104395,421279243,9310,12341,13854,14069,14303
Per_Capita_Household_Income_2000,90062,2,0.12,5299,13186,0.16,5521,15018,,0.12,0.16,0.16,0.07,0.06,98,98,121,157,183,176,183,3622,5305,5399,5346,5341,5562,1842,1897,2439,2459,2432,946,854,32153,32053,32885,32800,33065,32973,32664,354824711,422168603,420522658,452641901,483426958,475755031,483525406,461452342,12318,13120,13764,15153,14779
Per_Capita_Household_Income_2010,90064,4,0.05,2404,52673,0.08,2276,60211,1,0.05,0.06,0.08,0.07,0.06,523,526,530,529,729,685,714,2243,2374,2110,2207,2192,2307,658,665,860,1111,1106,947,848,26159,25209,25545,26633,26758,26948,26512,1034429263,1327527734,1334197802,1429792292,1514289286,1574687714,1613819875,1699992441,42764,52925,55972,57588,59301
Per_Capita_Household_Income_2011,90065,4,0.08,6456,23677,0.1,6027,27787,7,0.08,0.09,0.1,0.07,0.06,941,941,708,802,794,746,805,4638,6420,5809,5706,5807,6200,1941,1987,2287,2362,2545,1553,1425,45770,47237,46059,46727,47073,47275,47780,771068909,1118461074,1123353850,1228609745,1258286509,1258431440,1301370856,1348627682,15938,23781,26675,27138,26965
Per_Capita_Household_Income_2012,90066,2,0.06,5965,38846,0.1,6020,46251,5,0.06,0.08,0.1,0.07,0.06,1364,1364,1295,1475,1432,1349,1424,6146,5890,5351,5440,5847,6195,1995,2044,2693,3296,3356,2163,1956,56167,54524,55416,56550,57765,58214,58339,1493624620,2119311564,2129329989,2348455220,2475612335,2591313681,2667758337,2802376971,26780,39053,42379,44247,45289
Per_Capita_Household_Income_2013,90067,0,0.05,216,77553,0.1,356,107328,,0.05,0.05,0.07,0.07,0.06,104,104,68,77,59,53,58,292,213,192,313,350,373,71,72,53,79,125,78,73,2459,2409,2405,2480,2509,2484,2545,198810804,186979333,186773850,308978077,285758361,261725300,266601962,296780047,74629,77532,128473,115225,104315
Per_Capita_Household_Income_2014,90068,0,0.07,1784,62395,0.12,1800,72576,1,0.07,0.09,0.11,0.07,0.06,1975,1981,2133,2345,2365,2257,2376,1967,1758,1580,1671,1756,1845,1072,1101,1549,1830,1937,1069,972,23560,21955,23858,24245,24270,24315,24529,1136332835,1367701259,1370822624,1618085406,1727371899,1725615590,1761430245,1903371707,53085,62438,67822,71428,71220
Per_Capita_Household_Income_2015,90069,0,0.08,2618,66217,0.09,2068,84203,1,0.09,0.1,0.09,0.07,0.06,1385,1385,1325,1374,1352,1269,1327,2424,2567,2154,2218,2004,2108,1256,1286,1490,1404,1461,984,887,20139,20407,20315,20607,20685,20689,20622,1269693245,1355268479,1351964598,1676976238,1661488604,1706693582,1741986341,1870076872,61489,66250,82549,80632,82514
,90071,1,0.05,247,32969,0.01,92,36466,,0.05, -   ,0.01,0.07,0.06,48,48,0,5,19,15,17,0,239,0,87,98,100,41,41,0,2,4,16,15,595,1659,0,617,622,578,610,0,55519048,55649087,0,19181475,21272942,20676752,22287516,0,33544,0,31554,34670
,90077,0,0.04,580,81054,0.07,528,101379,,0.04,0.04,0.07,0.07,0.06,351,352,239,188,182,165,174,552,568,433,479,509,544,199,202,199,326,302,297,271,8974,9294,9013,9119,9190,9205,9236,898811928,758827121,752270070,1037609483,986977082,917980586,930287025,1021397350,98500,80941,115124,108552,100315
,90094,1,0.11,359,46239,0.17,206,76062,1,0.11,0.13,0.2,0.07,0.06,206,207,178,108,99,98,105,0,352,216,197,201,221,410,419,527,799,664,240,221,5551,5690,5673,5637,5608,5583,5694,N/A,263934751,266258331,337767934,383460141,421151204,424653227,464518569,N/A,46794,59540,68026,75098
,90210,0,0.05,1993,68549,0.08,2646,106336,,0.05,0.07,0.07,0.07,0.06,611,616,622,706,647,603,618,2024,1967,1943,2321,2523,2417,500,509,762,782,990,748,637,23393,21180,22709,24119,23995,24214,22743,2048422182,1448984567,1450457474,2078202413,2404454891,2539444950,2572824912,2757988420,92417,68482,91514,99778,105915
,90248,0,0.08,1843,25352,0.14,1810,26592,,0.08,0.13,0.15,0.07,0.06,75,75,88,111,138,131,141,1669,1834,1468,1684,1733,1891,391,403,606,776,743,338,312,11397,10191,10338,11398,11689,11848,12014,205329774,257934907,262344682,279889511,293174967,299513950,312562109,324091142,19003,25743,27074,25864,25829
,90272,1,0.06,1738,73192,0.11,1009,98900,,0.06,0.1,0.11,0.07,0.06,516,519,282,415,343,329,348,1068,1705,1390,1197,959,1026,628,642,1017,1248,1240,694,624,22462,22880,21883,22964,22961,23240,23161,1789276304,1677850489,1673092126,2052314532,2248173505,2258921926,2296120686,2523673993,80089,73125,93786,98022,98498
,90291,3,0.08,2917,49188,0.11,2301,61289,8,0.09,0.1,0.11,0.07,0.06,1293,1286,1049,1255,1011,978,1015,2704,2887,2804,2300,2214,2390,1552,1586,2085,2060,2095,1241,1123,27525,27351,30341,28780,28043,28420,28606,1083811822,1345537480,1346195772,1688855399,1696626391,1661765472,1723203245,1815020906,34936,49219,55662,59588,59907
,90292,0,0.07,1686,70239,0.08,1797,82501,1,0.07,0.08,0.08,0.07,0.06,712,717,738,791,877,813,836,1442,1663,1625,1629,1715,1776,972,995,1251,1153,1282,1035,926,23503,21765,23336,22995,24047,24394,23884,1141567664,1524121089,1530567692,1815035307,1816308021,1938384046,2011037714,2098010488,64054,70322,77778,79047,80669
,90293,1,0.05,767,61115,0.09,834,71711,,0.06,0.06,0.06,0.07,0.06,286,289,162,240,220,202,214,785,757,686,792,807,838,460,474,512,560,775,588,526,12629,12591,11880,12732,12899,13006,12807,566460455,768148192,771515672,829379630,905801162,902143904,929562228,976244935,49803,61275,69813,71247,70053
,90402,0,0.03,636,76647,0.06,463,106143,,0.03,0.06,0.06,0.07,0.06,285,288,270,348,337,309,336,659,627,540,511,433,489,188,191,319,316,359,375,346,10973,11662,11309,11317,11196,11374,11619,1006862130,894552882,892079731,1223127428,1170445944,1185993428,1207216603,1354858179,87951,76495,108155,103434,105935
,90710,1,0.07,4124,25976,0.12,3620,29364,,0.07,0.1,0.11,0.07,0.06,279,280,213,261,234,221,241,3451,4076,3326,3459,3500,3716,967,991,1180,1403,1540,835,766,24535,24771,22282,24623,25129,25153,25275,474912925,645105080,646927170,578553147,668291454,713756664,727630824,768374372,19154,26116,25965,27428,28971
,90731,7,0.07,10597,24479,0.14,9450,30030,4,0.07,0.11,0.13,0.07,0.06,665,668,657,618,645,613,663,8324,10516,9563,9358,9269,9502,2127,2183,3276,3782,4113,1872,1683,59386,59419,60622,59298,60676,60155,59425,1055922916,1453963033,1453137411,1519530062,1623965033,1730504768,1771011905,1778581763,17601,24456,25066,28191,29352
,90732,0,0.04,3562,44256,0.1,2902,46503,1,0.05,0.08,0.09,0.07,0.06,233,233,189,202,208,185,197,3165,3519,2931,2828,2836,2955,476,488,884,940,1062,684,624,20466,21072,20363,20498,20934,20860,20933,624702682,932610047,935536207,908094786,926621133,926665110,960960661,997192198,30418,44397,44595,45573,44835
,90744,3,0.11,8997,14292,0.17,8984,17044,,0.11,0.16,0.17,0.07,0.06,395,398,347,445,320,309,334,5442,9007,8360,8187,8627,8897,2791,2875,4209,4492,4356,1601,1426,53273,52830,54382,53911,54377,54568,53710,572682432,752854178,750922416,807842210,860701898,893845009,921329485,883735984,10886,14214,14855,16196,16637
,91040,1,0.08,3540,31476,0.13,3331,36434,,0.08,0.11,0.11,0.07,0.06,352,356,258,284,285,277,301,3383,3509,2928,3271,3178,3293,885,913,1078,1230,1463,733,653,20827,20152,18927,21246,21192,21423,20889,473665098,631754227,633896071,604884618,709706101,730886437,763294434,780877152,24088,31456,31959,34637,35173
,91303,1,0.08,4199,20067,0.1,3709,23242,,0.08,0.1,0.09,0.07,0.06,311,313,263,267,295,282,297,2341,4168,3696,3753,3536,3797,1110,1142,1387,1334,1393,924,845,24837,25924,25130,25511,25419,25865,26008,342851723,520143307,521272109,514654494,554488782,564227068,596125810,599231135,14793,20108,20480,21954,22419
,91304,3,0.05,7125,27483,0.09,7542,29971,2,0.05,0.08,0.09,0.07,0.06,498,498,282,330,314,296,316,6406,7046,6390,6936,7186,7574,1247,1274,2084,2425,2537,1756,1565,50870,48878,48693,51126,51828,52590,51712,1102164073,1346696806,1347399471,1345991151,1413957907,1486846670,1546272592,1606011360,22947,27567,27642,28384,29184
,91306,4,0.07,6937,23326,0.11,7167,25802,,0.07,0.09,0.11,0.07,0.06,452,455,422,440,432,421,442,5773,6870,6124,6757,6829,7228,1675,1718,2216,2738,2712,1595,1427,44838,43395,43550,46244,45722,46387,45778,772199554,1013788308,1016050591,1034670035,1096516045,1130269819,1182383696,1173348647,17921,23414,23758,24062,25046
,91307,1,0.07,3429,41266,0.1,3126,46118,,0.07,0.09,0.1,0.07,0.06,464,459,339,345,423,408,440,3052,3361,2746,2917,2995,3207,879,899,1093,1239,1304,817,745,24445,24943,23912,25003,24958,25238,25344,760128830,1034046980,1030993644,1089232845,1095011943,1103319971,1148502185,1220554563,31623,41334,45552,44469,44863
,91311,5,0.05,5780,37150,0.11,5346,43399,,0.05,0.08,0.1,0.07,0.06,294,294,258,334,362,341,362,5485,5696,4528,5372,5197,5175,906,927,1484,2035,2264,1347,1166,38206,37166,35276,38401,39101,39074,37465,1042907113,1383591856,1384411234,1405004629,1533769545,1610737836,1657512533,1696401898,28823,37249,39829,40767,42108
,91316,0,0.07,3369,39362,0.11,3407,46482,,0.07,0.08,0.09,0.07,0.06,502,504,511,599,628,594,589,3660,3317,3323,3372,3350,3456,997,1018,1364,1403,1852,1023,909,28125,26261,28373,28904,28798,28337,27894,950483474,1034148127,1035018002,1227598149,1288764285,1287432691,1314806991,1352633923,36198,39413,43266,44667,44793
,91324,1,0.06,3325,28903,0.14,3535,32361,2,0.06,0.1,0.13,0.07,0.06,411,416,367,337,276,268,269,2706,3278,2782,3031,3356,3571,872,893,1545,1901,2027,932,837,27069,27886,27089,27572,27576,28071,27779,605768914,809922476,808859166,811317611,809610172,856235441,893196581,931189713,22890,29006,29950,30028,31687
,91325,1,0.06,4266,29565,0.12,4411,33387,,0.06,0.09,0.11,0.07,0.06,449,453,396,437,486,465,504,3497,4221,3978,3969,4191,4526,1097,1129,1744,2168,2491,1291,1180,38367,36381,37158,39007,38877,39614,39851,811249497,1073360576,1081180095,1105759677,1202642227,1225175493,1282140415,1351334001,24165,29718,29758,32015,32904
,91326,1,0.05,3414,42197,0.08,3566,49417,,0.05,0.08,0.08,0.07,0.06,308,309,363,531,519,488,457,2849,3371,2745,3547,3408,3367,857,884,1282,1483,1462,1147,1005,33922,33400,31598,34566,34668,34981,33802,1033898016,1408374136,1419961333,1455520046,1588339365,1672825551,1724763869,1824859538,36966,42514,46064,46037,48351
,91331,4,0.09,13838,13669,0.15,15689,15089,1,0.09,0.12,0.13,0.07,0.06,873,878,907,1018,927,910,942,8872,13781,13776,14397,14881,15714,4342,4469,5908,6656,7490,3250,2907,106399,101924,105543,108843,108426,109970,108506,1052380081,1392714790,1386960607,1510216345,1606321225,1577084126,1646672255,1564071583,10818,13608,14309,14927,14666
,91335,5,0.07,12811,21530,0.12,12285,24580,,0.07,0.1,0.11,0.07,0.06,735,738,717,912,797,781,829,9720,12708,10936,10896,11719,12349,2491,2555,3908,4428,4518,2479,2228,72306,72432,70795,73847,73572,74594,73846,1115848650,1560718747,1562384531,1594465705,1704686963,1696864225,1777105795,1779140240,16536,21570,22522,24007,23794
,91340,1,0.11,4871,14639,0.14,4899,18452,,0.11,0.13,0.14,0.07,0.06,243,242,184,291,304,298,311,3351,4849,5072,4659,4652,4978,1784,1830,2328,2271,2209,1043,947,32365,33275,34541,33445,32977,33586,33492,365972520,487406863,485042252,542044535,579678229,584536204,609795445,601484024,10979,14577,15693,17597,18009
,91342,2,0.07,13512,19876,0.13,14048,22690,,0.07,0.1,0.12,0.07,0.06,741,740,675,920,944,921,980,10331,13429,12411,12750,13406,14271,3184,3264,4633,5590,5877,2955,2674,93203,91957,89803,93954,95294,96187,95734,1255600425,1829564338,1824820686,1880621987,2025962564,2036477233,2112539927,2096643225,15076,19844,20942,22403,22200
,91343,3,0.07,7539,20141,0.13,7268,23772,,0.07,0.09,0.12,0.07,0.06,461,462,540,615,518,504,544,6295,7478,6791,6915,6919,7426,1995,2047,2702,3715,4169,1982,1806,59614,59180,60570,60986,60642,61436,61660,868041081,1191392611,1194854533,1273526584,1358640378,1359852219,1424626243,1450799890,15567,20190,21026,22865,22998
,91344,1,0.07,7955,32575,0.12,8599,36653,,0.08,0.1,0.12,0.07,0.06,472,472,412,480,646,615,652,6786,7872,7648,8184,8183,8806,1956,2004,2829,3191,3322,1794,1635,52368,50262,51605,53236,53277,54082,54436,1246682349,1637364411,1642131710,1730505286,1817717287,1873681275,1950403034,2055767606,26131,32671,33534,34690,35577
,91345,4,0.08,3583,21959,0.1,3405,24686,,0.08,0.09,0.1,0.07,0.06,182,183,151,205,128,122,131,2958,3579,3439,3261,3238,3331,751,773,827,1004,898,605,533,18669,18528,19083,19051,19006,19304,18540,318720425,405576470,406503565,465951875,472056167,449152289,467448455,453065445,17555,21940,24417,25308,24008
,91352,7,0.08,7083,16105,0.15,7822,19561,,0.08,0.11,0.13,0.07,0.06,361,361,201,278,287,288,308,4970,7067,6383,7063,7339,7932,1813,1866,2455,3056,3603,1524,1374,47367,46516,45394,48565,48303,49526,49085,602398978,748548667,747671525,738402730,914317792,911652426,955329143,951717125,13396,16073,16267,19268,19234
,91356,2,0.06,3763,42779,0.1,3301,47323,,0.07,0.1,0.1,0.07,0.06,700,703,631,577,551,533,536,3317,3699,3308,3138,3129,3159,918,937,1383,1428,1543,950,815,28300,26424,26094,28693,28718,29276,27822,1070387621,1134758885,1129976290,1204338862,1355192037,1317960696,1370563195,1419328926,37563,42763,46154,47780,46398
,91364,0,0.05,2709,54233,0.1,3034,54175,,0.05,0.08,0.1,0.07,0.06,680,679,667,683,686,658,693,2660,2660,2068,2565,2891,3105,749,766,1196,1402,1314,884,806,25317,26750,25706,25808,25743,26120,26221,1107758216,1456580136,1453812855,1461612991,1390755832,1361060849,1407006027,1502490798,43642,54348,56859,54354,53117
,91367,5,0.05,4577,42709,0.08,3660,49070,,0.06,0.08,0.08,0.07,0.06,887,897,818,873,851,802,838,4259,4505,3832,3915,3506,3731,1155,1186,1668,1719,1708,1374,1239,37930,38091,38656,38756,38752,39219,39139,1258952017,1627782147,1631635526,1710231551,1827365872,1845965633,1916503785,2028095094,34874,42835,44242,47435,47833
,91401,1,0.07,6045,28865,0.13,5475,30501,,0.07,0.1,0.12,0.07,0.06,993,992,963,998,932,915,969,4685,5978,5421,5703,5223,5553,1517,1552,2237,2633,2857,1468,1329,39238,37833,38935,39887,39932,40613,40491,748864183,1092931014,1094005124,1142184709,1150496144,1172477813,1225393426,1264969203,18881,28917,29336,29456,29687
,91402,5,0.09,9952,14197,0.16,9624,14920,,0.09,0.12,0.15,0.07,0.06,566,569,419,267,246,236,253,6334,9904,9445,8924,9202,9686,3051,3129,4272,5118,5471,2174,1954,68099,68389,70052,68815,69700,70167,69480,727724741,970996800,973707392,1029054867,1000792220,987100586,1032592763,999166593,11039,14238,14690,14779,14365
,91403,1,0.06,2552,51542,0.08,1947,62357,,0.06,0.06,0.07,0.07,0.06,860,857,715,766,711,661,682,2470,2507,2150,2075,1878,1947,849,869,954,1081,1156,905,798,21815,23334,23429,22672,22374,22455,21833,1000399551,1204686762,1205794761,1327947917,1361058897,1353429074,1398790867,1468164778,43989,51675,56680,60092,60528
,91405,3,0.08,8988,17762,0.14,9163,20718,,0.09,0.12,0.13,0.07,0.06,681,684,840,1012,843,814,868,5666,8899,9397,8779,8779,9336,2245,2299,3779,3988,4248,1952,1773,57047,51566,58384,57575,58311,58926,58925,680765543,917332574,915891787,1112773761,1181438731,1149582142,1177967439,1184563485,13299,17762,19060,21327,20440
,91406,3,0.06,8923,21813,0.12,7924,25599,1,0.07,0.09,0.11,0.07,0.06,596,600,508,660,748,726,755,6053,8877,7774,7639,7537,7929,1717,1767,2288,2751,2939,1647,1472,48227,51406,48620,49147,49007,49956,48814,822435317,1119167769,1121258386,1194344799,1247576510,1213249058,1266590035,1278250846,16250,21812,24565,25614,25011
,91411,2,0.07,3647,25861,0.13,2640,30052,,0.08,0.11,0.11,0.07,0.06,627,627,661,751,648,624,665,3016,3597,2843,2664,2516,2667,1048,1071,1637,1539,1840,897,814,23195,23705,24559,23735,23553,23916,23831,409065823,615102544,614732480,713532154,696250357,680835789,711889358,731417372,17796,25933,29054,29593,29174
,91423,3,0.07,3267,49254,0.12,2477,60418,,0.07,0.1,0.11,0.07,0.06,1436,1438,1475,1615,1407,1351,1436,3043,3212,2461,2412,2404,2566,1325,1349,1827,2083,2312,1220,1117,29216,30185,29900,29930,29920,29972,30444,1159411090,1488406094,1488561795,1728152575,1732078434,1752254848,1800005138,1941719365,40793,49315,57798,58298,58900
,91436,1,0.04,944,62464,0.08,1048,71768,,0.04,0.07,0.06,0.07,0.06,355,363,350,314,326,304,319,1254,936,901,961,1003,1060,282,287,446,464,625,484,436,14715,14164,14402,14776,15115,15248,15150,792035111,878301230,884804372,1058409287,1064814128,1062116288,1091874239,1177889902,59664,62469,73490,72186,70419
,91601,3,0.08,4986,27077,0.14,4491,33507,,0.08,0.12,0.13,0.07,0.06,1551,1549,1430,1757,1724,1628,1721,4399,4936,4378,4077,4346,4606,1910,1955,2873,3160,3430,1509,1373,37416,36231,37966,38151,38182,37860,38031,617207146,984615651,982082390,1133039920,1186719888,1244104285,1261594250,1286681088,16812,27106,29844,31341,32803
,91602,0,0.1,1934,49211,0.15,1681,57679,2,0.1,0.12,0.16,0.07,0.06,1003,1002,1147,1528,1325,1298,1386,1764,1898,1890,1855,1629,1743,1150,1175,1489,1979,1991,812,745,17691,16875,17114,17985,18175,18237,18425,609803518,831465860,831603834,897973299,949743849,1017756921,1051399502,1116475804,36748,49280,52470,52832,56023
,91604,4,0.07,2612,55996,0.13,2477,70639,,0.07,0.11,0.12,0.07,0.06,1503,1508,1735,2179,1903,1852,1897,2615,2564,2073,2195,2377,2449,1214,1237,1880,2203,2432,1177,1054,27614,27439,27671,28331,28272,28493,28056,1278825745,1538486100,1538935750,1843264748,1895284631,1936737327,1991396759,2081076097,48945,56086,66614,67758,68946
,91605,2,0.1,7928,15891,0.15,7700,18689,,0.1,0.14,0.15,0.07,0.06,568,571,593,713,593,578,614,6173,7868,7602,7274,7323,7705,2822,2892,4151,4317,4372,1885,1678,56518,56519,58464,58938,57590,58485,57486,675937926,899897901,899282141,983905886,1028565146,1026359162,1067771073,1029392558,11669,15911,16829,18223,18270
,91606,0,0.1,6915,18613,0.16,6617,22117,,0.1,0.13,0.15,0.07,0.06,767,767,772,723,824,810,858,5245,6853,6382,6286,6341,6606,2345,2404,3494,3820,4177,1592,1434,45552,43415,46834,46609,46449,46903,46681,606374385,809168329,807061460,942037256,993602389,989343964,1027662625,1023782004,13495,18589,20114,21507,21515
,91607,0,0.08,3638,36970,0.15,3153,46005,,0.09,0.12,0.14,0.07,0.06,1133,1132,1092,1307,1043,1041,1078,3403,3572,2883,2970,3025,3241,1407,1434,2090,2448,2531,1092,982,27659,27963,27351,28162,28360,28678,28401,746370494,1038865268,1034499490,1114317492,1189058553,1258651473,1306896500,1329801013,26737,36995,40741,42845,44753
